Address,lat,lon
"ACTS COMMUNITY DEVELOPMENT CORPORATION , 2114 MERMAID AVE , Brooklyn, 11224, NY",40.5759906,-73.9883977
"ADMIRABLE CHURCH INC , 1910 FLATBUSH AVENUE , Brooklyn, 11210, NY",40.623102,-73.93775529999999
"APNA FOOD PANTRY BRIGHTON BEACH , 225 NEPTUNE AVENUE , Brooklyn, 11235, NY",40.5818456,-73.9616269
"BAY VIEW HOUSES RESIDENT ASSOCIATION , 2085 ROCKAWAY PARKWAY , Brooklyn, 11236, NY",40.6330489,-73.8867909
"BEDFORD CENTRAL PRESBYTERIAN CHURCH , 1200 DEAN STREET , Brooklyn, 11216, NY",40.6766108,-73.9497195
" BENSONHURST COUNCIL OF JEWISH ORGANIZATIONS , 8635 21ST AVE , Brooklyn, 11214, NY",40.6023906,-73.9966195
"BETHANIE FRENCH SEVENTH-DAY ADVENTIST CHURCH , 2059 BEDFORD AVENUE , Brooklyn, 11226, NY",40.6543821,-73.9560858
"BETHANY UNITED METHODIST CHURCH , 1208 ST. JOHN'S PLACE , Brooklyn, 11213, NY",40.6706776,-73.93825079999999
"BETHEL SEVENTH-DAY ADVENTIST CHURCH , 457 GRAND AVENUE , Brooklyn, 11238, NY",40.6817055,-73.96125789999999
"BETHLEM NATION'S FOOD PANTRY , 1962-84 LINDEN BLVD , Brooklyn, 11207, NY",40.6588324,-73.8890665
"BEULAH CHURCH OF GOD IN CHRIST JESUS , 956 MARCY AVENUE , Brooklyn, 11216, NY",40.6806106,-73.94647549999999
"BLESSED ASSURANCE CHURCH OF GOD BLESSED ASSURANCE CHARITY INC, 2093 FULTON STREET, Brooklyn, 11233, NY",40.6784171,-73.9093279
"BLESSED SACRAMENT CHURCH , 198 EUCLID AVENUE , Brooklyn, 11208, NY",40.6837322,-73.87475529999999
" BNAI RAPHAEL CHESED ORGANIZATION INC , 3846 FLATLANDS AVENUE , Brooklyn, 11234, NY",40.6195675,-73.9375285
"BRCDC FOOD PROGRAM , 9818 FORT HAMILITON PARKWAY , Brooklyn, 11209, NY",40.6128608,-74.0313629
"BROOKLYN MEAL SHARE, 1323 FOSTER AVENUE , Brooklyn, 11230, NY",40.6337692,-73.96417079999999
"BROOKLYN RESCUE MISSION URBAN HARVEST CENTER INC , 919 GATES AVENUE , Brooklyn, 11221, NY",40.6888667,-73.9290235
"BROOKLYN WEST FAMILY CENTER , 19 SIDNEY STREET , Brooklyn, 11201, NY",40.6927803,-73.99178500000001
"BROWN MEMORIAL BAPTIST CHURCH FOOD PANTRY , 484 WASHINGTON AVENUE , Brooklyn, 11238, NY",40.684338,-73.9658236
"BROWNSVILLE TEMPLE SDA CHURCH , 1089 CLARKSON AVE , Brooklyn, 11212, NY",40.6600091,-73.9222158
"CALVARY PENTECOSTAL CHURCH , 151 WOODRUFF AVENUE , Brooklyn, 11226, NY",40.6545479,-73.9611929
"CAMP FRIENDSHIP FOOD PANTRY IN PARK SLOPE , 339 8TH STREET , Brooklyn, 11215, NY",40.6690484,-73.9837726
"CATHOLIC CHARITIES , 2866 WEST 17TH STREET , Brooklyn, 11224, NY",40.5772252,-73.985092
"CCC NEW YORK PARISH FOOD PANTRY OUTREACH PROGRAM , 1380 JEFFERSON AVENUE , Brooklyn, 11237, NY",40.694553,-73.90970399999999
"CENTER FOR FAMILY LIFE , 443 39TH STREET , Brooklyn, 11232, NY",40.6520088,-74.0047416
"CHANCE FOR CHILDREN , 11 McKEEVER PLACE - 1ST FLOOR (BASEMENTBK LEVEL) , Brooklyn, 11225, NY",40.665685,-73.9584047
"CHILD DEVELOPMENT SUPPORT CORPORATION , 352-358 CLASSON AVE , Brooklyn, 11238, NY",40.6885337,-73.9601058
"CHILDREN OF THE LIGHT INTERNATIONAL MINISTRIES INC , 1171 EAST 95TH STREET , Brooklyn, 11236, NY",40.6422446,-73.9017884
"CHRIST APOSTOLIC CHURCH GOKE FOOD PANTRY , 622 CORTELYOU ROAD , Brooklyn, 11218, NY",40.638429,-73.9719396
"CHRISTIAN CULTURAL CENTER , 716 CHESTER STREET , Brooklyn, 11236, NY",40.6537007,-73.90774910000002
"CHRISTIAN FELLOWSHIP SDA COMMUNITY SVCS-F.P. , 777 SCHENECTADY AVENUE , Brooklyn, 11203, NY",40.6542566,-73.93341629999999
"CHRISTIAN FELLOWSHIP SDA COMMUNITY SVCS-S.K. , 777 SCHENECTADY AVENUE , Brooklyn, 11203, NY",40.6542566,-73.93341629999999
"CHURCH OF GOD , 627-29 REMSEN AVE , Brooklyn, 11236, NY",40.6517145,-73.91832339999999
"CHURCH OF GOD FEEDING THE HUNGRY , 836 CLASSON AVE , Brooklyn, 11238, NY",40.6724275,-73.9612159
"CHURCH OF GOD INC. , 1011 WINTHROP STREET , Brooklyn, 11212, NY",40.6602869,-73.9261375
"CHURCH OF GOD OF SALVATION , 1615 NOSTRAND AVE , Brooklyn, 11226, NY",40.6466741,-73.94888949999999
"CHURCH OF PRAISE AND WORSHIP GOD IN CHRIST , 526 RALPH AVENUE , Brooklyn, 11233, NY",40.6714294,-73.92256569999999
" CITY HARVEST - BED-STUY MOBILE MARKET , 736 PARK AVENUE , Brooklyn, 11206, NY",40.6976903,-73.94604269999999
"COMMUNITY CARE FOOD PANTRY , 1387 EAST 37TH STREET , Brooklyn, 11210, NY",40.6222201,-73.93887529999999
"COMMUNITY HELP IN PARK SLOPE INC , 200 4TH AVENUE , Brooklyn, 11217, NY",40.67831710000001,-73.98285179999999
"COMMUNITY SERVICES HOUSING DEVELOPMENT CORP. , 547 HOWARD AVE , Brooklyn, 11233, NY",40.6690096,-73.91982039999999
"COMPASSION HOUSE COMMUNITY DEVELOPMENT CORPORATION, 43 GEORGE STREET , Brooklyn, 11206, NY",40.7014365,-73.9317111
"COPO FOOD PANTRY , 1077 CONEY ISLAND AVENUE , Brooklyn, 11230, NY",40.631252,-73.96625
"CORNERSTONE SEVENTH DAY ADVENTIST CHURCH , 138 PENNSYLVANIA AVE , Brooklyn, 11207, NY",40.6744942,-73.89700119999999
" CROWN HEIGHTS JEWISH COMMUNITY COUNCIL , 899 MONTGOMERY STREET , Brooklyn, 11213, NY",40.664688,-73.9346503
"EAST NEW YORK SDA CHURCH , 511 ELTON STREET , Brooklyn, 11208, NY",40.6704359,-73.8823242
"EAST NEW YORK WESLEYAN CHURCH/NEW HOPE FAMILY WORSHIP CENTER, 817 LIVONIA AVENUE, Brooklyn, 11207, NY",40.6660724,-73.8860973
"EBENEZER SEVENTH DAY ADVENTIST CHURCH , 1234 EAST NEW YORK AVENUE , Brooklyn, 11212, NY",40.6674866,-73.9213303
"ELIM RESTORATION CHURCH OF GOD , 188 EAST 53RD STREET , Brooklyn, 11203, NY",40.6553437,-73.9280691
"EMMAUS SDA CHURCH , 1144 FLATBUSH AVENUE , Brooklyn, 11226, NY",40.6423949,-73.95791439999999
"EVANGELICAL CRUSADE FOOD PANTRY , 557 EAST 31ST STREET , Brooklyn, 11210, NY",40.63731120000001,-73.9468462
"F.A.R.M. HARVEST INITIATIVE , 1432 PITKIN AVENUE , Brooklyn, 11233, NY",40.6682942,-73.9207261
"FAITH CENTER FOR HUMAN SERVICES, INC , 1014-18 GATES AVENUE , Brooklyn, 11221, NY",40.6891976,-73.9228014
"FAMILY LIFE DEVELOPMENT CENTER , 1476 BEDFORD AVE , Brooklyn, 11216, NY",40.6728745,-73.9544808
"FAMILY SERVICE NETWORK OF N.Y. INC , 1420 BUSHWICK AVENUE , Brooklyn, 11207, NY",40.6840333,-73.9089482
"FERNANDE VALME' MINISTRIES INC , 1120 FLATBUSH AVE , Brooklyn, 11226, NY",40.643087,-73.9579119
"FLATBUSH SDA CHURCH , 261 EAST 21ST STREET , Brooklyn, 11226, NY",40.648056,-73.9593776
"FOOD FIRST, INC , 165 CONOVER STREET , Brooklyn, 11231, NY",40.67827219999999,-74.0137044
"FOUNDATION FOR VETERANS HELPING VETERANS AND THEIR COMM. , NY STATE 570A MACON STREET , Brooklyn, 11233, NY",40.6834253,-73.927773
"GETHSEMANE SDA CHURCH , 357 EMPIRE BLVD , Brooklyn, 11225, NY",40.66414229999999,-73.94984269999999
"GLOVER MEMORIAL BREAD OF LIFE FOOD PANTRY , 2134 DEAN STREET , Brooklyn, 11233, NY",40.6749415,-73.91703509999999
"GOD'S BATTALION OF PRAYER CHURCH , 661 LINDEN BOULEVARD , Brooklyn, 11203, NY",40.6537438,-73.93402360000002
"GOD'S DELIVERANCE TEMPLE, INC , 438 RALPH AVENUE , Brooklyn, 11233, NY",40.674177,-73.922433
"GOOD NEWS DELIVERANCE TABERNACLE , 442 CLEVELAND STREET , Brooklyn, 11208, NY",40.673881,-73.884494
"GRANT HOUSE UNITY CORPORATION , 2046 FLATBUSH AVENUE , Brooklyn, 11234, NY",40.6198562,-73.9341225
"GREENPOINT REFORMED CHURCH FOOD PANTRY , 136 MILTON STREET , Brooklyn, 11222, NY",40.7291626,-73.9550017
" HANNAH KOSHER FOODS , 2102 AVENUE T , Brooklyn, 11229, NY",40.601581,-73.9505625
"HANSON PLACE SEVENTH DAY ADVENTIST CHURCH , 88 HANSON PLACE , Brooklyn, 11217, NY",40.6854321,-73.9740023
"HEALTH ESSENTIAL ASSOCIATION CPMM , 2336 86TH STREET , Brooklyn, 11214, NY",40.5998769,-73.9907463
"HEALTH ESSENTIAL ASSOCIATION INC , 2101 EAST 16TH STREET - 2ND FLOOR , Brooklyn, 11229, NY",40.5986603,-73.9552617
" HEBREW EDUCATIONAL SOCIETY , 9502 SEAVIEW AVENUE , Brooklyn, 11236, NY",40.6323696,-73.8907876
"HEBRON SDA CHURCH , 1256 DEAN STREET , Brooklyn, 11216, NY",40.67659219999999,-73.94722759999999
"HOLDING HANDS MINISTRIES , 6324 7TH AVENUE , Brooklyn, 11220, NY",40.634988,-74.01441
"HOLY CROSS FOOD PANTRY - BROOKLYN , 2530 CHURCH AVENUE , Brooklyn, 11226, NY",40.65038149999999,-73.95350150000002
"HOPE CENTER DEVELOPMENT CORPORATION , 414 EAST 95TH STREET , Brooklyn, 11212, NY",40.657017,-73.918645
"HOPE CENTER DEVELOPMENT CORPORATION , 409 EAST 95TH STREET , Brooklyn, 11212, NY",40.657291,-73.91828799999999
"HOREB SDA COMMUNITY SERVICES , 520 KINGSTON AVE , Brooklyn, 11225, NY",40.6610227,-73.9431012
"HOUSE OF DAVID WORSHIP CENTER , 747-749-HENDRIX STREET , Brooklyn, 11207, NY",40.66316,-73.88634069999999
" ICNA RELIEF USA FOOD PANTRY , 273 NEPTUNE AVENUE , Brooklyn, 11235, NY",40.58134159999999,-73.96344839999999
"IMMANUEL FIRST SPANISH UNITED METHODIST CHURCH , 424 DEAN STREET , Brooklyn, 11217, NY",40.6821256,-73.9771774
"INTERNATIONAL PENTECOSTAL CITY MISSION , 9202-14 CHURCH AVE , Brooklyn, 11236, NY",40.653817,-73.9181375
"ISAIAH'S TEMPLE OF MT. HOPE , 862 GLENMORE AVE , Brooklyn, 11208, NY",40.67562909999999,-73.8781784
" JEWISH COMMUNITY COUNCIL OF CANARSIE #1, 1170 PENNSYLVANIA AVE , Brooklyn, 11239, NY",40.6514539,-73.88580809999999
"KINGLAWN UNITED PRESBYTERIAN CHURCH , 2368 RALPH AVENUE , Brooklyn, 11234, NY",40.6202761,-73.91757009999999
" KINGS BAY Y FOOD PANTRY , 3495 NOSTRAND AVENUE , Brooklyn, 11229, NY",40.5988563,-73.941239
"LADIES IN WAITING , 276 FENIMORE STREET , Brooklyn, 11225, NY",40.6582579,-73.9535703
"LAS MARAVILLAS DEL EXODO , 302 ELTON STREET , Brooklyn, 11208, NY",40.6758149,-73.8841814
"LIFEBRIDGE NY , 1895 FLATBUSH AVENUE , Brooklyn, 11210, NY",40.6236936,-73.93754349999999
"LITTLE JERUSALEM HOUSE OF PRAYER , 447 HERZL STREET , Brooklyn, 11212, NY",40.6589245,-73.91267309999999
"MAKE THE ROAD NEW YORK , 301 GROVE STREET , Brooklyn, 11237, NY",40.698427,-73.915796
"MAMRE ENRICHMENT PROGRAM , 1623 UTICA AVENUE , Brooklyn, 11234, NY",40.6326139,-73.9281562
" MASBIA OF FLATBUSH , 1372 CONEY ISLAND AVE , Brooklyn, 11230, NY",40.624083,-73.9652452
" METRO MINISTRIES INTERNATIONAL , 871 BUSHWICH AVENUE , Brooklyn, 11221, NY",40.69395670000001,-73.9257291
" METROPOLITAN COUNCIL ON JEWISH POVERTY , 5361 PRESTON COURT , Brooklyn, 11234, NY",40.63872509999999,-73.9237121
"MOUNT CARMEL WORSHIP AND OUTREACH CENTER , 784 EAST 46TH STREET , Brooklyn, 11203, NY",40.6421291,-73.9333956
"MOVEMENT OF PENTECOSTAL CHRISTIAN CHURCH , 90-92 SUMMIT STREET , Brooklyn, 11231, NY",40.6820189,-74.00361000000001
"MT. HEBRON CHURCH OF CHRIST , 167 CHESTER STREET , Brooklyn, 11212, NY",40.6677104,-73.91093769999999
"MUNA SOCIAL SERVICE INC , 1033 GLENMORE AVENUE , Brooklyn, 11208, NY",40.6768736,-73.87180289999999
" NAT'L COMM. FOR FUTH. OF JEWISH ED., 824 EASTERN PARKWAY , Brooklyn, 11213, NY",40.6688654,-73.94105669999999
"NEIGHBORS TOGETHER , 2094 FULTON STREET , Brooklyn, 11233, NY",40.6782875,-73.91384120000001
"NEW LIFE SDA CHURCH , 885-87 THOMAS BOYLAND STREET , Brooklyn, 11212, NY",40.6587046,-73.9105198
"NEWMAN MEMORIAL UNITED METHODIST CHURCH COMMUNITY DEVELOPMENT , CORPORATION 257 MACON STREET , Brooklyn, 11216, NY",40.682274,-73.941095
"NORTHEAST BROOKLYN HOUSING DEVELOPMENT CORPORATION, 376 THROOP AVENUE , Brooklyn, 11221, NY",40.6914568,-73.9431546
" ONEG SHABBOS , 1601 41ST STREET , Brooklyn, 11218, NY",40.63555789999999,-73.98051149999999
"OPEN DOOR FAMILY LIFE CENTER INC , 999 GREEN AVENUE , Brooklyn, 11221, NY",40.6912763,-73.92715710000002
"OPEN DOOR TO HEAVEN OUTREACH MINISTRY INC , 474 SHEPHERD AVENUE , Brooklyn, 11208, NY",40.67269,-73.88061239999999
"OPIN , 1768 ST. JOHNS PLACE , Brooklyn, 11233, NY",40.6696502,-73.9184097
"OUR LADY OF ANGELS HUMAN SERVICES , 336 73RD STREET , Brooklyn, 11209, NY",40.6324025,-74.0261727
"OUR LADY OF GRACE PARISH MINISTRY , 2322 EAST 4TH STREET , Brooklyn, 11223, NY",40.59338229999999,-73.9673459
" OUR LADY OF GRACE PARISH MINISTRY , 2322 EAST 4TH STREET , Brooklyn, 11223, NY",40.59338229999999,-73.9673459
"OUR LADY OF MERCY CHURCH , 680 MOTHER GASTON BLVD. , Brooklyn, 11212, NY",40.6621452,-73.9050922
"OUR LADY OF MIRACLES-CANARSIE CLUSTER CENTER , 757 EAST 86TH STREET , Brooklyn, 11236, NY",40.6390089,-73.9093883
"OUR LADY OF REFUGE R.C. CHURCH , 2020 FOSTER AVE. , Brooklyn, 11210, NY",40.636462,-73.957618
"PAYO FOOD PANTRY , 1045 CONEY ISLAND AVENUE , Brooklyn, 11230, NY",40.6321869,-73.96636509999999
"PENIEL HAITIAN CHURCH OF C AND MA , 2741 ALBEMARLE ROAD , Brooklyn, 11226, NY",40.6483143,-73.95065439999999
"PENIEL SDA CHURCH , 1210 UTICA AVENUE , Brooklyn, 11203, NY",40.6430434,-73.9298726
"PRESBYTERIAN CHURCH OF THE CROSSROADS , 133 ELTON STREET , Brooklyn, 11208, NY",40.680541,-73.88459619999999
"REACHING-OUT COMMUNITY SERVICES INC , 7708 NEW UTRECHT AVE , Brooklyn, 11214, NY",40.613981,-74.0006563
"REDEEMED CHRISTIAN CHURCH OF GOD INTERNATIONAL CHAPEL , 781 EAST 93RD STREET , Brooklyn, 11236, NY",40.64914020000001,-73.9118362
"RHOW BROOKLYN INC , 360 SCHERMERHORN STREET , Brooklyn, 11217, NY",40.6864717,-73.9801039
"SALT & SEA MISSION CHURCH INC. , 2417-2419 STILLWELL AVE , Brooklyn, 11223, NY",40.5885445,-73.98339709999999
"SALVATION CHURCH OF GOD FOOD PANTRY MINISTRY , 5601 AVENUE N , Brooklyn, 11234, NY",40.6194526,-73.9208609
"SANCTIFIED CHURCH OF GOD, INC/COMMUNITY FEEDING PROGRAM , 404 LEFFERTS AVE , Brooklyn, 11225, NY",40.662303,-73.94810249999999
"SECOND ST. PAUL CHURCH OF CHRIST, DISCIPLE OF CHRIST, INC, 1048 SUTTER AVE , Brooklyn, 11208, NY",40.6714583,-73.8800131
" SEPHARDIC BIKUR HOLIM FOOD PANTRY , 425 KINGS HIGHWAY , Brooklyn, 11223, NY",40.6046061,-73.9748673
" SHALOM SENIOR CENTER , 483 ALBANY AVE , Brooklyn, 11203, NY",40.6634051,-73.9396896
" SHOREFRONT JEWISH COMMUNITY COUNCIL , 128 BRIGHTON BEACH AVE - 4TH FLOOR , Brooklyn, 11235, NY",40.576149,-73.967182
" SHOREFRONT JEWISH COMMUNITY COUNCIL , 3014 BRIGHTON 6TH STREET , Brooklyn, 11235, NY",40.57914299999999,-73.96234299999999
"SILOAM PRESBYTERIAN CHURCH FOOD PANTRY , 260 JEFFERSON AVENUE , Brooklyn, 11216, NY",40.68340389999999,-73.9471217
"SISTERS WITH PURPOSE INC , 1540 VAN SICLEN AVE , Brooklyn, 11239, NY",40.6479055,-73.8780499
"SOLID ROCK BAPTIST CHURCH , 120 TOMPKINS AVE , Brooklyn, 11206, NY",40.6951314,-73.9464297
"SOUTH BKLYN SDA CHURCH COMMUNITY SERVICE PROGRAM , 42 PROSPECT PLACE , Brooklyn, 11217, NY",40.6796117,-73.9766489
"SOUTHSIDE UNITED H.D.F.C., INC - LOS SURES , 145 SOUTH 3RD STREET , Brooklyn, 11211, NY",40.7124161,-73.9616521
"ST. AUGUSTINE'S AMERICAN CATHOLIC CHURCH , 298 SCHENECTADY AVENUE , Brooklyn, 11213, NY",40.6682671,-73.9341747
"ST. AUGUSTINE'S CHURCH , 47 STERLING PLACE , Brooklyn, 11217, NY",40.67848559999999,-73.97684459999999
"ST. GEORGE'S EPISCOPAL CHURCH , 800 MARCY AVENUE , Brooklyn, 11216, NY",40.6863207,-73.9477344
"ST. GEORGE'S EPISCOPAL CHURCH FOOD PANTRY , 800 MARCY AVENUE , Brooklyn, 11216, NY",40.6863207,-73.9477344
"ST. JOHN'S BREAD & LIFE FOOD PANTRY , 795 LEXINGTON AVE , Brooklyn, 11221, NY",40.6903525,-73.9289014
"ST. JOHN'S BREAD & LIFE PROGRAM , 795 LEXINGTON AVE , Brooklyn, 11221, NY",40.6903525,-73.9289014
"ST. MARK'S UNITED METHODIST CHURCH , 2017 BEVERLEY ROAD , Brooklyn, 11226, NY",40.645169,-73.9597728
"ST. MATTHEW'S ROMAN CATHOLIC CHURCH , 1342 LINCOLN PLACE , Brooklyn, 11213, NY",40.6696548,-73.9321488
"ST. PAUL PENTECOSTAL CHURCH , 133 THOMAS S BOYLAND STREET , Brooklyn, 11233, NY",40.680361,-73.913648
"ST. PHILIP'S EPISCOPAL/ST. BENEDICT'S PANTRY , 265 DECATUR STREET , Brooklyn, 11233, NY",40.6816349,-73.9332526
"ST. STEPHEN OUTREACH COMMUNITY DEVELOPMENT CORPORATION, 874 MYRTLE AVENUE , Brooklyn, 11206, NY",40.69543729999999,-73.94710309999999
"ST. TERESA OF AVILA , 560 STERLING PLACE , Brooklyn, 11238, NY",40.6737299,-73.96018269999999
"ST. THERESE OF LISIEUX R.C. CHURCH , 4410 AVENUE D , Brooklyn, 11203, NY",40.64146,-73.93436059999999
"THE CAMPAIGN AGAINST HUNGER , 2004 FULTON STREET , Brooklyn, 11233, NY",40.6785159,-73.9181299
"THE CHURCH OF ST. MARK , 1417 UNION STREET , Brooklyn, 11213, NY",40.66879429999999,-73.94452199999999
"THE CITY OF GRACE INC , 11 WOODS PLACE , Brooklyn, 11226, NY",40.650141,-73.9545717
"THE SALVATION ARMY BEDFORD TEMPLE CORPS , 601 LAFAYETTE AVENUE , Brooklyn, 11216, NY",40.6901809,-73.9504529
"THE SALVATION ARMY BUSHWICK CORPS , 1151 BUSHWICK AVENUE , Brooklyn, 11221, NY",40.6892251,-73.91726589999999
"THE SALVATION ARMY SUNSET PARK CORPS , 520 50TH STREET , Brooklyn, 11220, NY",40.6446159,-74.0099371
"THE TABLE AT THE FAMILY SUPPORT CENTER AT NYU LANGONE , 6025 6TH AVENUE , Brooklyn, 11220, NY",40.6375482,-74.0141754
"THE TEMPLE OF RESTORATION TTOR FOOD PANTRY , 490 PACIFIC STREET , Brooklyn, 11217, NY",40.6846018,-73.9814883
"THURSTON MEMORIAL OUTREACH MINISTRIES , 1243 BUSHWICK AVE , Brooklyn, 11221, NY",40.6878671,-73.9146366
" TOMCHE SHABBOS OF BORO PARK , 6225 NEW UTRECHT AVE , Brooklyn, 11219, NY",40.6252845,-73.9969181
"TRANSFIGURATION CHURCH , 263 & 280 MARCY AVENUE , Brooklyn, 11211, NY",40.7053255,-73.95576659999999
"TREASURES IN EARTHEN JARS FOOD PANTRY , 4124 AVENUE H , Brooklyn, 11210, NY",40.6176574,-73.94129439999999
"TRINITY HUMAN SERVICE CORPORATION , 153 A JOHNSON AVENUE , Brooklyn, 11206, NY",40.7065875,-73.9443185
"TRIUMPHANT FULL GOSPEL ASSEMBLY , 889 RUTLAND ROAD , Brooklyn, 11203, NY",40.6608186,-73.92990309999999
"TRUE HOLY CHURCH OF GOD IN CHRIST JESUS , 2364 ATLANTIC AVENUE , Brooklyn, 11233, NY",40.6759251,-73.9067549
"UNITED COMMUNITY BAPTIST CHURCH , 545 UTICA AVE , Brooklyn, 11203, NY",40.6601914,-73.930945
"URBAN STRATEGIES INC , 61-71 RIVERDALE AVENUE , Brooklyn, 11212, NY",40.660298,-73.914457
"WIADCA CARES , 1561 BEDFORD AVENUE , Brooklyn, 11225, NY",40.6688638,-73.9555407
"WORLD FOR CHRIST FOOD SERVICES , 1091 CLARKSON AVENUE , Brooklyn, 11212, NY",40.66004119999999,-73.9221699
"YMCA COMMUNITY MARKET-CONEY ISLAND YMCA , 2980 WEST 29TH STREET , Brooklyn, 11224, NY",40.57333999999999,-73.99528099999999
"YMCA COMMUNITY MARKET-NORTH BROOKLYN YMCA , 570 JAMAICA AVENUE , Brooklyn, 11208, NY",40.684906,-73.8828406
"ABRAHAM HOUSE, INC , 340 WILLIS AVENUE , Bronx, 10454, NY",40.8113404,-73.9209643
"ABUNDANT GRACE FOR THE FORSAKEN FOOD PANTRY , 3101 EASTCHESTER ROAD , Bronx, 10469, NY",40.8713081,-73.8440694
"ASH-SHIFAA INC FP , 2269 CROTONA AVENUE , Bronx, 10457, NY",40.8516367,-73.8850547
"BETH-EL HOUSE OF YAHWEH , 3482 PARK AVENUE , Bronx, 10456, NY",40.8308577,-73.908104
"BLACK FORUM OF CO-OP CITY , 920 BAYCHESTER AVE (REAR LOBBY LEVEL) , Bronx, 10475, NY",40.8772457,-73.8331755
"ABOOM! HEALTH , 3144 3RD AVENUE , Bronx, 10451, NY",40.8221038,-73.9104924
"BREAD OF LIFE FOOD PANTRY , 1104 ELDER AVENUE #15 , Bronx, 10472, NY",40.8263314,-73.8785276
"BRONX BETHANY COMMUNITY CORPORATION , 971 EAST 227TH STREET , Bronx, 10466, NY",40.8865215,-73.8517655
"BRONX SEVENTH DAY ADVENTIST CHURCH , 1695 WASHINGTON AVENUE , Bronx, 10457, NY",40.8422403,-73.90109989999999
"BRONX TEMPLE SDA CHURCH , 495 WILLIS AVENUE , Bronx, 10455, NY",40.8149923,-73.9187996
"BRONX WORKS , 1130 GRAND CONCOURSE , Bronx, 10456, NY",40.8326862,-73.9187597
"CCCS BRONX FOOD PANTRY , 402 EAST 152ND STREET , Bronx, 10455, NY",40.8179358,-73.91653219999999
"CHRIST DISCIPLES INTERNATIONAL MINISTRIES , 3021-31 WEBSTER AVENUE , Bronx, 10467, NY",40.86977479999999,-73.8796365
"CHURCH OF ST. NICHOLAS OF TOLENTINE , 2345 UNIVERSITY AVE (BASEMENT FORDHAM RD BXENT.) , Bronx, 10468, NY",40.8622759,-73.9056926
"CHURCH OF THE ATONEMENT FOOD PANTRY , 1344 BEACH AVENUE , Bronx, 10472, NY",40.8333764,-73.8662794
" CITY HARVEST - MELROSE MOBILE MARKET , 286 EAST 156TH STREET , Bronx, 10451, NY",40.8217327,-73.9203212
" CITY HARVEST - ST. MARY'S MOBILE MARKET , 595 TRINITY AVENUE , Bronx, 10455, NY",40.8151385,-73.9097575
"COOP CITY SDA CHURCH FOOD PANTRY , 1010 BAYCHESTER AVENUE , Bronx, 10475, NY",40.8802917,-73.83101669999999
"CRESTON AVENUE BAPTIST CHURCH OF CHRIST, INC , 114 EAST 188TH STREET , Bronx, 10468, NY",40.8617609,-73.8991349
"CRESTON AVENUE BAPTIST CHURCH, INC , 114 EAST 188TH STREET , Bronx, 10468, NY",40.8617609,-73.8991349
"DAVIDSON COMMUNITY CENTER INC , 2038 DAVIDSON AVENUE , Bronx, 10453, NY",40.8535877,-73.908579
"EASTCHESTER PRESBYTERIAN CHURCH , 3154 FISH AVENUE , Bronx, 10469, NY",40.8713085,-73.847273
"EDM HARVEST HAND FOOD PANTRY , 2626 EAST TREMONT AVENUE , Bronx, 10461, NY",40.8427139,-73.84647799999999
"EMANUEL PENTECOSTAL FAITH CHURCH , 1310 ELDER AVE , Bronx, 10472, NY",40.831618,-73.87957
"EVERY DAY IS A MIRACLE, INC , 2430 WALTON AVENUE , Bronx, 10468, NY",40.8615053,-73.9005875
"FELLOWSHIP COVENANT CHURCH , 720 CASTLE HILL AVENUE , Bronx, 10473, NY",40.8216652,-73.8482539
"GETHSEMANE BAPTIST CHURCH , 771 FAIRMOUNT PLACE , Bronx, 10460, NY",40.8430848,-73.88947350000001
"GIVE BY GRACE WHAT BY GRACE YOU HAVE RECEIVED INC , 936 EAST 165TH STREET , Bronx, 10459, NY",40.82379479999999,-73.8959836
"GIVE THEM TO EAT , 800 EAST 156TH STREET , Bronx, 10455, NY",40.8175255,-73.9043377
"GOD BLESS YOU ALL INC , 1926 CROTONA PARKWAY , Bronx, 10460, NY",40.8413571,-73.88533600000001
"GOOD NEIGHBOR COMMUNITY OUTREACH AGENCY INC , 3356 SEYMOUR AVENUE , Bronx, 10469, NY",40.87578,-73.8485455
"GRACE EPISCOPAL CHURCH , 1909 VYSE AVENUE , Bronx, 10460, NY",40.8405035,-73.88353130000002
"GRACE EPISCOPAL CHURCH , 1909 VYSE AVE , Bronx, 10460, NY",40.8405035,-73.88353130000002
"GRAND CONCOURSE SDA CHURCH , 1275 GRAND CONCOURSE , Bronx, 10452, NY",40.8364463,-73.916506
"HEAVENLY VISION CHRISTIAN CENTER , 2868 JEROME AVE , Bronx, 10468, NY",40.8715422,-73.89215430000002
"HOLY TABERNACLE CHURCH INC. , 3780 THIRD AVENUE , Bronx, 10456, NY",40.8367377,-73.9021065
"INSPIRATIONAL GOSPEL ASSEMBLY , 1211 BROOK AVENUE , Bronx, 10456, NY",40.8313843,-73.9093929
"JAMAICA BENEVOLENT ARM & CULTURAL CENTER , 2230 LIGHT STREET , Bronx, 10466, NY",40.8876692,-73.8307295
" JEWISH COMMUNITY COUNCIL OF PELHAM PARKWAY , 2157 HOLLAND AVE , Bronx, 10462, NY",40.8548299,-73.86587899999999
"LOS REDIMIDOS EN LA SANGRE DE CRISTO , 609 EAST 182ND STREET , Bronx, 10457, NY",40.852108,-73.88949
"LOYAL BAPTIST CHURCH , 881 EAST 167TH STREET , Bronx, 10459, NY",40.8262146,-73.8962305
"LT WORKS FOOD PANTRY , 2347 LAFAYETTE AVENUE , Bronx, 10473, NY",40.8241671,-73.844149
"MANNA OF LIFE MINISTRIES, INC , 1101 BOSTON ROAD , Bronx, 10456, NY",40.8275698,-73.9049118
" MOBILE FOOD PANTRY , 309 DRAKE STREET , Bronx, 10474, NY",40.8080654,-73.88137309999999
"AMOMENTUM PROJECT @ CHURCH OF THE GOD OF PROPHECY , 85 EAST 165TH STREET , Bronx, 10452, NY",40.8317649,-73.9220972
"MORRISANIA REVITALIZATION CORP INC , 576 EAST 165TH STREET , Bronx, 10456, NY",40.8255121,-73.907017
"MOSAIC BEACON COMMUNITY CENTER , 1257 OGDEN AVENUE , Bronx, 10452, NY",40.8397742,-73.92578999999999
"MOSHOLU MONTEFIORE COMMUNITY CENTER FP , 3450 DEKALB AVENUE , Bronx, 10467, NY",40.8819332,-73.8804942
"MOUNT PISGAH BAPTIST CHURCH , 709 EAST 228TH STREET , Bronx, 10466, NY",40.8899033,-73.858941
"NEW CONVENANT COMMUNITY DEVELOPMENT CORP , 1175 BOSTON ROAD , Bronx, 10456, NY",40.8290875,-73.9033961
"NEW YORK COMMON PANTRY - BRONX , 1290 HOE AVENUE , Bronx, 10459, NY",40.8307829,-73.890237
"PARKCHESTER BAPTIST CHURCH , 2021 BENEDICY AVENUE , Bronx, 10462, NY",40.8346249,-73.8571955
"PART OF THE SOLUTION , 2759 WEBSTER AVENUE , Bronx, 10458, NY",40.86585729999999,-73.886679
"PATHHSEO INC , 1288 REV. JAMES A. POLITE , Bronx, 10459, NY",40.829607,-73.8953428
"POWER PRAISE AND DELIVERANCE, INC , 120 EAST 184TH STREET , Bronx, 10468, NY",40.859459,-73.9005202
"PRODIGAL CENTER , 709 TIFFANY STREET , Bronx, 10474, NY",40.8141952,-73.89140739999999
"RCCG TABERNACLE OF RESTORATION , 4640 FURMAN AVENUE , Bronx, 10470, NY",40.9024967,-73.84978439999999
"REDEEMED CHRISTIAN CHURCH OF GOD , 1001-1005 MORRIS AVENUE , Bronx, 10456, NY",40.8290424,-73.916896
"RESURRECTION AND LIFE PENTECOSTAL CHURCH , 870 EAST 163RD STREET , Bronx, 10459, NY",40.821508,-73.89931899999999
"SHILOH TEMPLE PENTECOSTAL CHURCH , 719 EAST 223RD STREET , Bronx, 10466, NY",40.8863451,-73.8604319
"SPANISH SDA CHURCH FOOD PANTRY , 1038 PROSPECT AVENUE , Bronx, 10459, NY",40.8245949,-73.8992268
"SPANISH SOUNDVIEW SDA CHURCH , 1822 LACOMBE AVENUE , Bronx, 10473, NY",40.81480579999999,-73.8611799
"ST. ANN'S CHURCH OF MORRISANIA , 295 ST. ANN'S AVENUE , Bronx, 10454, NY",40.808679,-73.9164485
"ST. ANTHONY'S CHURCH , 1750 MANSION STREET , Bronx, 10460, NY",40.8377146,-73.8684616
"ST. AUGUSTINE FOOD PANTRY , 1168 FRANKLIN AVENUE , Bronx, 10456, NY",40.8291416,-73.90435500000001
"ST. BRENDAN & ST. ANN PARISH , 268 EAST 207TH STREET , Bronx, 10467, NY",40.8753847,-73.8776494
"ST. EDMUNDS YOUTH PROGRAM INC , 1905 MORRIS AVENUE , Bronx, 10453, NY",40.8498554,-73.9083863
"ST. JEROME H.A.N.D.S. COMMUNITY CENTER , 330 EAST 138TH STREET , Bronx, 10454, NY",40.8097437,-73.9247992
"ST. LUKES FOOD PANTRY , 623 EAST 138TH STREET , Bronx, 10454, NY",40.8062409,-73.9155435
"ST. LUKE'S SENIOR COMMUNITY PROGRAM , 777 EAST 222ND STREET , Bronx, 10467, NY",40.8850763,-73.8589681
"ST. PAUL'S LUTHERAN CHURCH , 1891 McGRAW AVENUE , Bronx, 10462, NY",40.8346442,-73.8623515
"ST. PETER'S LOVE PANTRY , 2500 WESTCHESTER AVENUE , Bronx, 10461, NY",40.8381832,-73.8442955
"ST. THOMAS AQUINAS FOOD PANTRY , 1900 CROTONA PARKWAY (SIDE OF CHURCH/BASEMENT) , Bronx, 10460, NY",40.8409085,-73.8851372
" THE COMMUNITY FOOD PANTRY , 1363 OGDEN AVE , Bronx, 10452, NY",40.8417549,-73.924937
"THE FLOW KINGDOM MINISTRIES , 901 EAST TREMONT AVENUE , Bronx, 10469, NY",40.8422825,-73.88448249999999
"THE GAMBIAN YOUTH ORGANIZATION FOOD PANTRY , 214 EAST 181ST STREET , Bronx, 10457, NY",40.8542853,-73.90091389999999
"THE SALVATION ARMY BRONX CITADEL , 425 EAST 159TH STREET , Bronx, 10451, NY",40.8228155,-73.9132791
"THESSALONIA BAPTIST CHURCH , 951 REV. JAMES POLITE AVE , Bronx, 10459, NY",40.8222088,-73.899046
"THORPE FAMILY RESIDENCE , 406 EAST 184TH STREET , Bronx, 10458, NY",40.856367,-73.89473799999999
"UNION GROVE BAPTIST CHURCH , 1488 HOE AVENUE , Bronx, 10460, NY",40.8328965,-73.8890554
" UNITED BRONX PARENTS, INC. , 603 PROSPECT AVENUE , Bronx, 10455, NY",40.8139669,-73.9040718
"VINEYARD INTERNATIONAL CHRISTIAN MINISTRIES , 1140 TELLER AVE , Bronx, 10456, NY",40.8307941,-73.91236880000001
"WAY OUT CHURCH MINISTRIES, INC , 520 EAST 148TH STREET , Bronx, 10455, NY",40.8139575,-73.9147204
"WHEDCO - FOOD PANTRY , 50 EAST 168TH STREET , Bronx, 10452, NY",40.8365188,-73.91916119999999
"WHOSOEVER WILL BAPTIST CHURCH , 1651 POPHAM AVENUE , Bronx, 10453, NY",40.8492883,-73.9209305
"WOODYCREST UNITED METHODIST CHURCH , 89 WEST 166TH STREET , Bronx, 10452, NY",40.8353887,-73.9264984
"WORD OF LIFE CHRISTIAN FELLOWSHIP , 830 UNION AVENUE , Bronx, 10459, NY",40.8195997,-73.9030246
"ADVENT LUTHERAN CHURCH , 2504 BROADWAY , Manhattan, 10025, NY",40.792744,-73.972864
"AFRICAN SERVICES COMMITTEE , 429 WEST 127TH STREET , Manhattan, 10027, NY",40.813453,-73.9544556
"ANOTHER CHOICE YOUTH AND FAMILY OUTREACH INC , 1765 MADISON AVE , Manhattan, 10029, NY",40.799702,-73.9447607
"ANTIOCH OUTREACH MINISTRIES , 41 WEST 124TH STREET , Manhattan, 10027, NY",40.80661,-73.9441794
"ASCENSION OUTREACH, INC , 12 WEST 11TH STREET , Manhattan, 10011, NY",40.7341504,-73.99575949999999
"BAILEY HOUSE FOOD PANTRY , 1751 PARK AVENUE 3RD FLOOR , Manhattan, 10035, NY",40.8026899,-73.9403842
"BETH HARK CHRISTIAN COUNSELING CENTER , 1832 MADISON AVE @120 ST , Manhattan, 10035, NY",40.8025025,-73.9433239
"BETH HARK CHRISTIAN COUNSELING CENTER , 1832 MADISON AVENUE , Manhattan, 10035, NY",40.8023207,-73.94342689999999
"BETHEL AME CHURCH , 54-60 WEST 132ND STREET , Manhattan, 10037, NY",40.8114628,-73.9411033
"BROADWAY COMMUNITY , 601 WEST 114TH STREET , Manhattan, 10025, NY",40.8070418,-73.9651341
"CABRINI IMMIGRANT SERVICES OF NEW YORK CITY INC , 139 HENRY STREET , Manhattan, 10002, NY",40.7134771,-73.9907617
"CATHEDRAL OF ST. JOHN THE DIVINE , 1047 AMSTERDAM AVENUE @ W. 112TH ST. , Manhattan, 10025, NY",40.8038356,-73.9618754
"CATHOLIC CHARITIES WASHINGTON HEIGHTS FOOD PANTRY , 665 WEST 182ND STREET , Manhattan, 10033, NY",40.8508211,-73.9350189
"CCCS - KENNEDY CENTER FOOD PANTRY , 34 WEST 134TH STREET , Manhattan, 10037, NY",40.8126294,-73.9399415
"CHRIST CHURCH UNITED METHODIST , 524 PARK AVENUE @ 60TH ST. , Manhattan, 10065, NY",40.7638694,-73.9695583
"CHURCH OF NOTRE DAME , 405 WEST 114TH STREET , Manhattan, 10025, NY",40.8050831,-73.9604049
"CHURCH OF THE ANNUNCIATION , 88 CONVENT AVE. NEAR 132ND ST. , Manhattan, 10027, NY",40.8162935,-73.9530029
" CITY HARVEST MOBILE MARKET - DYCKMAN HOUSES , 177 NAGLE AVENUE , Manhattan, 10034, NY",40.8610282,-73.9241448
" CITY HARVEST MOBILE MARKET - PRINCE HALL , 454 WEST 155TH STREET , Manhattan, 10032, NY",40.8308796,-73.9419183
" COALITION FOR THE HOMELESS , 108 EAST 51ST STREET , Manhattan, 10022, NY",40.7573397,-73.9727561
"COMMUNITY IMPACT , 616 WEST 114TH STREET , Manhattan, 10025, NY",40.80694159999999,-73.9658462
"COMMUNITY LEAGUE OF THE HEIGHTS , 508 WEST 159TH STREET , Manhattan, 10032, NY",40.83431,-73.94184890000001
" CONGREGATION B'NAI JESHURUN , 257 WEST 88TH STREET , Manhattan, 10024, NY",40.7901031,-73.9761709
"CONVENT AVENUE BAPTIST CHURCH , 425 WEST 144TH STREET @ CONVENT AVE , Manhattan, 10031, NY",40.8239566,-73.9462233
"CROSSROADS COMMUNITY SERVICES INC , 108 EAST 51ST STREET , Manhattan, 10022, NY",40.7573397,-73.9727561
"DEWITT REFORMED CHURCH , 280 RIVINGTON STREET , Manhattan, 10002, NY",40.7174796,-73.97952240000001
"FAMILY INTEGRATION MINISTRY FOOD PANTRY , 1875 AMSTERDAM AVENUE , Manhattan, 10031, NY",40.83003790000001,-73.9438961
"FATHER CREAVIN'S FOOD PANTRY , 276 WEST 151ST STREET , Manhattan, 10039, NY",40.8259643,-73.93794199999999
"FOOD BANK FOR NEW YORK CITY , 252 WEST 116TH STREET , Manhattan, 10026, NY",40.8039977,-73.9549479
"FRATERNITE NOTRE DAME , 2290 FIRST AVENUE , Manhattan, 10035, NY",40.7970403,-73.9343593
"FRATERNITE NOTRE DAME, INC , 2290 FIRST AVENUE , Manhattan, 10035, NY",40.7970403,-73.9343593
"FRIENDLY HANDS MINISTRY INC , 229 EAST 118TH STREET , Manhattan, 10035, NY",40.7987288,-73.9375689
"AGAY MEN'S HEALTH CRISIS , 307 WEST 38TH STREET , Manhattan, 10018, NY",40.7551316,-73.992355
"GOOD SHEPHERD FOOD PANTRY , 630 ISHAM STREET , Manhattan, 10034, NY",40.8695555,-73.92100959999999
"GRAND CENTRAL NEIGHBORHOOD SOCIAL SERVICE CORP. , 120 EAST 32ND STREET , Manhattan, 10016, NY",40.7452185,-73.9814804
"GRAND CENTRAL NEIGHBORHOOD SOCIAL SERVICES CORPORATION , 120 EAST 32ND STREET , Manhattan, 10016, NY",40.7452185,-73.9814804
"HARLEM DOWLING WEST SIDE CENTER/SPECIALIZED SERVICES , ADAM CLAYTON POWELL JR. BLVD @ 127TH NY STREET, Manhattan, 10027, NY",40.8100049,-73.947057
"HOLY APOSTLES SOUP KITCHEN , 296 NINTH AVENUE @ 28TH ST. , Manhattan, 10001, NY",40.7493515,-73.9988479
"HOLY APOSTLES SOUP KITCHEN PANTRY , 296 NINTH AVENUE , Manhattan, 10001, NY",40.7493515,-73.9988479
"HOLY NAME OF JESUS - ST. GREGORY THE GREAT , 207 WEST 96TH STREET , Manhattan, 10025, NY",40.7944773,-73.9706343
"INTERNATIONAL PENTECOSTAL CHURCH , 619 WEST 179TH STREET , Manhattan, 10033, NY",40.8484236,-73.9353672
"IRIS HOUSE , 2348 ADAM CLAYTON POWELL JR. BLVD , Manhattan, 10030, NY",40.8171461,-73.9428294
"ISAACS HOLMES FOOD PANTRY , 415 EAST 93RD STREET , Manhattan, 10128, NY",40.7812666,-73.9450749
" JEWISH COMMUNITY COUNCIL OF WASHINGTON HGTS , 121 BENNETT AVENUE #11A , Manhattan, 10033, NY",40.854098,-73.934506
" LILLIAN WALD FOOD PANTRY , 12 AVENUE D , Manhattan, 10009, NY",40.7202372,-73.9781812
"LITTLE SISTERS OF THE ASSUMPTION FAMILY HEALTH SERVICE , 333 EAST 115TH STREET , Manhattan, 10029, NY",40.7958329,-73.9366143
"MACEDONIA CH. ASSEMBLY OF GOD-BREAD OF LIFE FOOD PANTRY, 340 EAST 106TH STREET , Manhattan, 10029, NY",40.7896712,-73.9409878
"MCCNY CHARITIES , 446 WEST 36TH STREET , Manhattan, 10018, NY",40.75533,-73.997514
"MT. OLIVET BAPTIST CHURCH COMMUNITY MEAL PROGRAM , 201 LENOX AVE , Manhattan, 10027, NY",40.80493260000001,-73.9480766
"NARROW DOOR I.M.C. , 161 SHERMAN AVENUE , Manhattan, 10034, NY",40.8644536,-73.9227095
"NATIONAL COUNCIL OF JEWISH WOMEN , 241 WEST 72ND STREET , Manhattan, 10023, NY",40.7794675,-73.9830259
"NAZARETH HOUSING INC , 206 EAST 4TH STREET , Manhattan, 10009, NY",40.7237513,-73.9841161
"NEW ALTERNATIVE FOR CHILDREN, INC , 37 WEST 26TH STREET - 6TH FLOOR , Manhattan, 10010, NY",40.7445977,-73.9904622
"NEW YORK CITY LOVE KITCHEN INC , 3816 9TH AVE , Manhattan, 10034, NY",40.86201430000001,-73.9187314
"NEW YORK COMMON PANTRY , 8 EAST 109TH STREET , Manhattan, 10029, NY",40.795767,-73.949225
"OUR LADY OF SORROWS , 213 STANTON STREET , Manhattan, 10002, NY",40.7194562,-73.9823858
"PROJECT CREATE - ANTHONY HOUSE , 73 LENOX AVE , Manhattan, 10026, NY",40.8006181,-73.9511136
"RAUSCHENBUSCH METRO MINISTRIES INC. , 410 WEST 40TH STREET , Manhattan, 10018, NY",40.757203,-73.994323
"RIVERSIDE CHURCH FOOD PANTRY , 91 CLAREMONT AVE @ 120TH STREET , Manhattan, 10027, NY",40.8116557,-73.9627302
"SALEM UNITED METHODIST CHURCH , 2190 ADAM CLAYTON POWELL JR. BLVD , Manhattan, 10027, NY",40.8118782,-73.9467749
"SALEM UNITED METHODIST CHURCH , 2190 ADAM CLAYTON POWELL JR BLVD , Manhattan, 10027, NY",40.8118782,-73.9467749
"SOUP KITCHEN/COMMUNITY LUNCH , 601 WEST 114TH STREET (BASEMENT OF BROADWAY PRESBYTERIAN CHURCH), Manhattan, 10025, NY",40.8070418,-73.9651341
"SOUTHERN BAPTIST CHURCH , 12 WEST 108TH STREET , Manhattan, 10025, NY",40.7995414,-73.96012449999999
"ST. CECILIA'S PARISH SERVICES , 125 EAST 105TH STREET , Manhattan, 10029, NY",40.7919189,-73.94732599999999
"ST. CHARLES BORROMEO CHURCH , 211 WEST 141ST STREET , Manhattan, 10030, NY",40.8196272,-73.9416537
"ST. CLEMENTS FOOD PANTRY , 423 WEST 46TH STREET 9TH/10AVE , Manhattan, 10036, NY",40.7615675,-73.9915851
"ST. IGNATIUS EPISCOPAL CHURCH , 552 WEST END AVE , Manhattan, 10024, NY",40.7892565,-73.97734489999999
"ST. JOHN'S BREAD OF LIFE , 213 WEST 30TH STREET , Manhattan, 10001, NY",40.74895720000001,-73.9930981
"ST. JOSEPHS SOUP KITCHEN INCORPORATED , 5 WEST 12TH STREET , Manhattan, 10011, NY",40.7348994,-73.9946594
"ST. MARK THE EVANGELIST CHURCH , 65 WEST 138TH STREET , Manhattan, 10037, NY",40.8158551,-73.9387146
"ST. MARY'S EPISCOPAL CHURCH FOOD PANTRY , 521 WEST 126TH STREET , Manhattan, 10027, NY",40.8149677,-73.9560815
"ST. MICHAEL'S CHURCH , 225 WEST 99TH STREET , Manhattan, 10025, NY",40.7964671,-73.9688346
"ST. PAUL'S HOUSE INC. , 335 WEST 51ST STREET , Manhattan, 10019, NY",40.763711,-73.986946
"ST. PETER'S FOOD PANTRY , 346 WEST 20TH ST. NR. 9TH AVE , Manhattan, 10011, NY",40.7440704,-74.00196120000001
"TEMPLE SHAARAY TEFILA , 250 EAST 79TH STREET , Manhattan, 10075, NY",40.7733241,-73.9554022
"THE RED DOOR PLACE , 201 WEST 13TH STREET , Manhattan, 10011, NY",40.7381373,-74.0003114
"THE SALVATION ARMY MANHATTAN CITADEL , 175 EAST 125TH STREET , Manhattan, 10035, NY",40.8042052,-73.9358003
"THE SALVATION ARMY NEW YORK TEMPLE CORPS , 120 WEST 14TH STREET , Manhattan, 10011, NY",40.73760619999999,-73.99819959999999
"THE URBAN OUTREACH CENTER OF NYC , 1745 1ST AVENUE , Manhattan, 10128, NY",40.779816,-73.94763000000002
"TRINITY'S SERVICES AND FOOD FOR THE HOMELESS, INC. , 602 EAST 9TH STREET , Manhattan, 10009, NY",40.7260088,-73.98019719999999
"UNIVERSITY COMMUNITY SOCIAL SERVICES, INC , 137 EAST 2ND STREET , Manhattan, 10009, NY",40.7230138,-73.9863775
"UPPER MANHATTAN MENTAL HEALTH CENTER , 1727 AMSTERDAM AVE @ 145TH , Manhattan, 10031, NY",40.8255609,-73.9471677
"VISION URBANA , 66 ESSEX STREET , Manhattan, 10002, NY",40.7173399,-73.98842379999999
"WEST HARLEM GROUP ASSISTANCE , 625 LENOX AVE , Manhattan, 10030, NY",40.8183018,-73.9383013
"WESTSIDE CAMPAIGN AGAINST HUNGER , 263 W. 86th St.@ WEST END AVE. , Manhattan, 10024, NY",40.7889007,-73.97750479999999
"WORLDWIDE MISSIONARY MOVEMENT/CENTRO EVANGELISTICO , MMM, INC 148 POST AVE , Manhattan, 10034, NY",40.8653177,-73.9190182
"XAVIER MISSION INC , 55 WEST 15TH STREET , Manhattan, 10011, NY",40.7378037,-73.9955044
"ZEINA LORRAINE INC , 203 WEST 133RD STREET , Manhattan, 10030, NY",40.8142554,-73.9448906
"AGAPE CHRISTIAN CENTER , 59-02 SUMMERFIELD ST. RIDGEWOOD , Queens, 11385, NY",40.6992376,-73.8977049
"AAIDS CENTER OF QUEENS COUNTY , 62-07 WOODSIDE AVENUE - 3RD FLOOR , Queens, 11377, NY",40.7451479,-73.9028941
"AAIDS CENTER OF QUEENS COUNTY , 161-21 JAMAICA AVE - 6TH FLOOR , Queens, 11432, NY",40.704557,-73.7980226
"AAIDS CENTER OF QUEENS COUNTY , 1600 CENTRAL AVENUE - 3RD FLOOR (FAR ROCKAWAY) , Queens, 11691, NY",40.6051736,-73.7522446
"ALL NATIONS BAPTIST CHURCH OF WOODHAVEN , 86-76 80TH STREET , Queens, 11421, NY",40.6917296,-73.8622247
"ALLEN OUTREACH MINISTRY FEEDING PROGRAM , 110-31 MERRICK BLVD , Queens, 11433, NY",40.6948239,-73.7814381
"BERACA SEVENTH DAY ADVENTIST CHURCH , 91-19 191 STREET , Queens, 11423, NY",40.7115116,-73.7684014
"BETHANY BAPTIST CHURCH OF JAMAICA , 157-11 111TH AVE , Queens, 11433, NY",40.6904046,-73.79169279999999
"BETHANY PANTRY , 48-08 91ST PLACE (ELMHURST) , Queens, 11373, NY",40.7407962,-73.8723759
"BETHEL AME CHURCH/BETHEL ARVERNE COMM. , 215 BEACH 77TH STREET , Queens, 11692, NY",40.58883100000001,-73.804643
"BETHEL GOSPEL TABERNACLE CHURCH , 110-25 GUY R. BREWER BLVD. , Queens, 11433, NY",40.692739,-73.788107
"BLANCHE MEMORIAL CHURCH , 109-74 SUTPHIN BLVD , Queens, 11435, NY",40.6901042,-73.7970847
"BVM/ST. MARY'S CHURCH WINFIELD , 70-31 48TH AVE (WOODSIDE) , Queens, 11377, NY",40.738688,-73.8931652
"CALVARY'S MISSION , 102-16 89TH AVENUE (RICHMOND HILL) , Queens, 11418, NY",40.6931307,-73.8435489
"CENTER OF HOPE INTERNATIONAL , 38-49 12TH STREET (L.I.C.) , Queens, 11101, NY",40.7569005,-73.9418762
"CHAZAQ , 141-47 72ND AVENUE (FLUSHING) , Queens, 11367, NY",40.7296799,-73.82392370000001
"CHRIST APOSTOLIC CHURCH OF AMERICA, INC , 108-02 SUTPHIN BLVD , Queens, 11435, NY",40.6928004,-73.79950269999999
"CHRIST CHURCH INTERNATIONAL JOSEPH'S HOUSE , 122-20 MERRILL STREET , Queens, 11434, NY",40.6827017,-73.7698376
" CITY HARVEST - ASTORIA MOBILE MARKET , 7-1 ASTORIA BLVD , Queens, 11102, NY",40.7731213,-73.933889
" CITY HARVEST MOBILE MARKET - QUEENSBRIDGE HOUSES , 10-25 41ST AVENUE , Queens, 11101, NY",40.7555154,-73.9445939
"COMMUNITY ALLIANCE INITIATIVE , 60-85 MYRTLE AVENUE , Queens, 11385, NY",40.7009057,-73.89527389999999
"CORONA S.D.A. CHURCH , 35-30 103RD STREET , Queens, 11368, NY",40.7538466,-73.8649064
"CORPUS CHRISTI FOOD PANTRY , 31-30 61ST STREET , Queens, 11377, NY",40.75652789999999,-73.9019378
"CROSSOVER BAPTIST CHURCH COMMUNITY OUTREACH HELP CENTER , 85-12 101ST AVENUE , Queens, 11416, NY",40.681781,-73.85392100000001
"DELIVERANCE TEMPLE CHURCH OF JESUS CHRIST , 134-10 ROCKAWAY BLVD SO. OZONE PARK , Queens, 11420, NY",40.6743421,-73.8040731
"DIVINE FOOD PANTRY , 215-31 99TH AVENUE (QUEEN VILLAGE) , Queens, 11429, NY",40.7148505,-73.742959
"ELMCOR YOUTH & ADULT ACTIVITIES #, 33-16 108TH STREET , Queens, 11368, NY",40.7573585,-73.8615646
"ELOHIM COMMUNITY DEVELOPMENT & OUTREACH INC , 87-47 111TH STREET, RICHMOND HILLS , Queens, 11418, NY",40.6956806,-73.8362369
" ESTHER GRUNBLATT-CENTRAL QUEENS Y , 67-09 108TH STREET , Queens, 11375, NY",40.7286533,-73.8470852
"EVANGEL FOOD PANTRY , 39-21 CRESENT STREET (LIC) , Queens, 11101, NY",40.7542097,-73.9371118
"EVANGELICAL CHURCH CHRIST IS THE LIGHT , 89-16 48TH AVENUE (ELMHURST) , Queens, 11373, NY",40.7410706,-73.8748753
"FIRST BAPTIST CHURCH , 100-10 ASTORIA BLVD., E. ELMHURST , Queens, 11369, NY",40.7616777,-73.8690275
"FIRST CHURCH OF GOD IN CHRIST, INC. , 187-10 BAISLEY BLVD , Queens, 11412, NY",40.6903377,-73.7629554
"FIRST PRESBYTERIAN CHURCH OF JAMAICA , 89-60 164TH STREET , Queens, 11432, NY",40.7058597,-73.79659649999999
"FIRST PRESBYTERIAN RUSSELL SAGE MEMORIAL CHURCH OF FAR , 896 CENTRAL AVENUE (FAR ROCKAWAY) , Queens, 11691, NY",40.6096769,-73.7470042
"FIRST UNITED METHODIST CHURCH OF JAMAICA , 162-10 HIGHLAND AVENUE , Queens, 11432, NY",40.70987239999999,-73.8000523
"FOOD SHARING WITH OUR NEIGHBORS PROGRAMS , 3824 149TH STREET (FLUSHING) , Queens, 11354, NY",40.763722,-73.8171449
"GENESIS TRANSITIONAL HOUSING MINISTRIES, INC , 195-12 HOLLIS AVENUE , Queens, 11412, NY",40.7064676,-73.76239149999999
"GOD BLESS YOU ALL INC , 9531 JAMAICA AVENUE - 1ST FL (WOODHAVEN), Queens, 11421, NY",40.694725,-73.849294
"GOSPEL ASSEMBLY - QUEENS , 109-14 FARMERS BLVD , Queens, 11412, NY",40.7035539,-73.766955
"HOLLIS AVENUE CONGREGATIONAL CHURCH , 211-04 HOLLIS AVE., QUEENS VILLAGE , Queens, 11429, NY",40.7088958,-73.74637229999999
"HOLLIS COMMUNITY CHRISTIAN CENTER , 191-22 JAMAICA AVENUE , Queens, 11423, NY",40.712756,-73.7679069
"HOLY GHOST UPPER ROOM FILLING STATION MINISTRY, INC , 146-17 133RD AVENUE , Queens, 11436, NY",40.668864,-73.79198199999999
"HOLY TEMPLE CHURCH, INC , 136-25 SPRINGFIELD BLVD , Queens, 11413, NY",40.6771679,-73.7550706
"HOUR CHILDREN COMMUNITY OUTREACH , 36-49 11TH STREET (LIC) , Queens, 11106, NY",40.760322,-73.939145
" ICNA FLUSHING FOOD PANTRY , 140-32 CHERRY AVENUE , Queens, 11355, NY",40.7543944,-73.821624
" ICNA RELIEF USA , 8791 144TH STREET , Queens, 11435, NY",40.7045107,-73.8115777
"IGLESIA ALIANZA MISIONERA EBENEZER , 43-02 38TH STREET (L.I.C.) , Queens, 11101, NY",40.74570920000001,-73.9269126
"IGLESIA CRISTIANA EVANGELICA , 3435 96TH STREET (CORONA) , Queens, 11368, NY",40.7539983,-73.8716774
"J.U.S.T.I.C.E. ORGANIZATION/JESUS IS JUSTICE MISSION INC. , 223 BEACH 28TH STREET (FAR ROCKAWAY) , Queens, 11691, NY",40.59559489999999,-73.76142229999999
"JAMAICA HISPANIC SDA CHURCH , 88-28 161 STREET , Queens, 11432, NY",40.707286,-73.80095
"JAMAICA QUEENS WESLEYAN CHURCH PANTRY , 134-49 228TH STREET (LAURELTON) , Queens, 11413, NY",40.6752484,-73.74268789999999
"JAMAICA SEVENTH DAY ADVENTIST CHURCH , 88-28 163 STREET , Queens, 11432, NY",40.7078263,-73.7990202
"JESUS IS THE ANSWER - J.I.T.A. COMMUNITY OUTREACH , 103-02 171ST STREET , Queens, 11433, NY",40.7035905,-73.78769919999999
" JEWISH COMMUNITY COUNCIL OF THE ROCKAWAY PENINSULA , 1525 CENTRAL AVE , Queens, 11691, NY",40.6052264,-73.7515327
" JEWISH INSTITUTE OF QUEENS , 60-05 WOODHAVEN BLVD (ELMHURST) , Queens, 11373, NY",40.7312247,-73.8709555
"LA JORNADA , 133-36 ROOSEVELT AVENUE (BLAND HOUSES COMMUNITY CENTER), Queens, 11354, NY",40.7583019,-73.832892
"LEVITICUS CHURCH , 114-12 VAN WYCK EXPRESSWAY , Queens, 11420, NY",40.6823904,-73.8061254
"LINDEN SDA CHURCH COMMUNITY SERVICES , 228-20 137TH AVENUE , Queens, 11413, NY",40.6728272,-73.74399369999999
"MACEDONIA AME CHURCH , 106-16 GUY R. BREWER BLVD , Queens, 11433, NY",40.6993181,-73.7934447
"MAJORITY COMMUNITY OUTREACH , 115-21 FARMERS BLVD , Queens, 11412, NY",40.695393,-73.7614164
"MAKE THE ROAD NEW YORK , 92-10 ROOSEVELT AVENUE , Queens, 11372, NY",40.7484323,-73.8741462
" MASBIA OF QUEENS , 105-47 64TH ROAD , Queens, 11375, NY",40.732205,-73.849874
"MINISTRY TOOLS INC , 170-20 140TH AVE , Queens, 11434, NY",40.6709338,-73.7693451
"MORE THAN CONQUERORS GLOBAL MINISTRIES INC , 153-56 ROCKAWAY BLVD , Queens, 11434, NY",40.6691068,-73.78253990000002
"MORIAH CITY COMMUNITY FOOD PANTRY , 206-14 LINDEN BLVD (CAMBRIA HEIGHTS) , Queens, 11411, NY",40.6961242,-73.7455217
"MORRIS BROWN HELPING HAND FOOD PROGRAM , 145-03 ROCKAWAY BLVD (SO. OZONE PARK) , Queens, 11436, NY",40.673888,-73.7934779
"MOUNT SINAI SDA CHURCH , 217-10 93RD AVENUE , Queens, 11428, NY",40.7209577,-73.7399484
" MT. OLIVET GOSPEL CHURCH , 33-27 97TH STREET, CORONA , Queens, 11368, NY",40.7561275,-73.87080449999999
"NATIONAL SORORITY OF PHI DELTA KAPPA , 117-08 MERRICK BLVD , Queens, 11434, NY",40.6867025,-73.7746964
"NEW LIFE COMMUNITY DEVELOPMENT CORPORATION , 82-10 QUEENS BLVD (ELMHURST) , Queens, 11373, NY",40.7369456,-73.8811637
"NORTHEAST CONFERENCE COMMUNITY CENTER SDA , 99-13 NORTHERN BLVD , Queens, 11368, NY",40.757501,-73.868944
"ONE WAY CHURCH OF CHRIST , 216-11 MERRICK BLVD. , Queens, 11413, NY",40.6802944,-73.7522326
"OUR LADY OF GRACE MINISTRY , 158-10 101ST ST.- HOWARD BEACH , Queens, 11414, NY",40.6609909,-73.8328779
"POMONOK FOOD PANTRY , 67-09 KISSENA BLVD , Queens, 11367, NY",40.7349436,-73.8143766
" PROJECT L.E.A.D. , 85-12 126TH STREET (KEW GARDENS) , Queens, 11415, NY",40.7039889,-73.8256193
" QUEENS JEWISH COMMUNITY COUNCIL , 119-45 UNION TURNPIKE (FOREST HILLS) , Queens, 11375, NY",40.7140624,-73.832397
"QUEENSBORO TEMPLE SDA CHURCH , 96-50 222ND STREET , Queens, 11429, NY",40.7180475,-73.7319353
"RIDGEWOOD OLDER ADULT CENTER & SERVICES, INC , 59-14 70TH AVE , Queens, 11385, NY",40.701047,-73.8996289
"RIVER FUND , 89-11 LEFFERTS BLVD (RICHMOND HILL) , Queens, 11418, NY",40.69701200000001,-73.8291294
"SAINT TERESA CHURCH - SAINT VINCENT DePAUL SOCIETY , 50-20 45TH STREET (WOODSIDE) , Queens, 11377, NY",40.7373354,-73.92130089999999
" SAM FIELD Y , 58-25 LITTLE NECK PKWY (LITTLE NECK) , Queens, 11362, NY",40.7608848,-73.7232898
"SECOND CHANCE AGAPE WORSHIP CENTER , 200-12 HOLLIS AVENUE , Queens, 11412, NY",40.705886,-73.757195
"SINGH FAMILY CHARITY INC , 121-13 SUTPHIN BLVD , Queens, 11434, NY",40.67690899999999,-73.7905043
"SOLID ROCK SDA CHURCH , 5205 ROCKAWAY BEACH BLVD , Queens, 11691, NY",40.5926949,-73.7827167
"SOUTH ASIAN COUNCIL FOR SOCIAL SERVICES , 143-02 45TH AVENUE , Queens, 11355, NY",40.7539226,-73.81806689999999
"SOUTH OZONE PARK SEVENTH DAY ADVENTIST CHURCH , 120-12 140TH STREET , Queens, 11436, NY",40.6758333,-73.80138889999999
"ST. MARGARET MARY CHURCH , 9-18 27TH AVENUE , Queens, 11102, NY",40.7737077,-73.9305315
"ST. MARK AME CHURCH/THE VOICE OF HAGAR , 95-18 NORTHERN BLVD , Queens, 11372, NY",40.7567812,-73.8724448
"ST. MARY STAR OF THE SEA , 19-20 NEW HAVEN AVENUE , Queens, 11691, NY",40.600749,-73.752735
"ST. NICHOLAS OF TOLENTINE CHURCH- F.P. , 150-75 GOETHALS AVENUE , Queens, 11432, NY",40.7185401,-73.80964929999999
"ST. PATRICK'S ROMAN CATHOLIC CHURCH , 39-38 29TH STREET (LIC) , Queens, 11101, NY",40.7525839,-73.9356956
"ST. RAPHAEL CHURCH FOOD PANTRY , 35-20 GREENPOINT AVE, LIC , Queens, 11101, NY",40.7368759,-73.93041869999999
"ST. TERESA OF AVILA COMMUNITY SERVICES , 129-04 109TH AVENUE , Queens, 11420, NY",40.6842472,-73.8134864
"TABERNACLE OF PRAYER , 90-07 MERRICK BLVD , Queens, 11432, NY",40.7069306,-73.794392
"TAURUS ASSOCIATES INC. , 240-08 135TH AVENUE , Queens, 11422, NY",40.6719359,-73.7343401
"THE HARDING FORD VISION, INC , 157-22 TUSKEGEE AIRMEN WAY, JAMAICA , Queens, 11433, NY",40.6981415,-73.7970345
"THE HARDING FORD VISION, INC , 347-6617382 157-22 TUSKEGEE AIRMEN WAY, JAMAICA , Queens, 11433, NY",40.6981415,-73.7970345
"THE LEGACY CENTER COMMUNITY DEVELOPMENT CORP , 71-02 CYPRESS HILL STREET (GLENDALE) , Queens, 11385, NY",40.7014923,-73.892382
"THE SALVATION ARMY ASTORIA CORPS , 45-18 BROADWAY , Queens, 11103, NY",40.7566884,-73.9144439
"THE SALVATION ARMY JAMAICA CITADEL CORPS , 90-23 161ST STREET , Queens, 11432, NY",40.7048108,-73.7989046
"THE SALVATION ARMY QUEENS TEMPLE CORP , 86-07 35TH AVENUE , Queens, 11372, NY",40.7524769,-73.8805361
"UNION UNITED FOOD PANTRY , 126-22 150TH STREET , Queens, 11436, NY",40.67235549999999,-73.7888054
"UNITED METHODIST CENTER IN FAR ROCKAWAY , 1032 BEACH 19TH STREET (NEAR MOTT AVE) , Queens, 11691, NY",40.6031457,-73.75178939999999
"V.E.T.S. INC , 111-16 173RD STREET , Queens, 11433, NY",40.69476969999999,-73.7794648
"VETS INC, HOLLIS GARDENS , 202-14 HOLLIS AVENUE , Queens, 11429, NY",40.7062524,-73.7550072
"VFW #5298, 143-17 SPRINGFIELD BLVD , Queens, 11413, NY",40.6680976,-73.7565971
"WE CARE PANTRY , 201-14 HOLLIS AVENUE , Queens, 11412, NY",40.7060892,-73.7559449
"CALVARY ASSEMBLY OF GOD , 4055 RICHMOND AVENUE , Staten Island, 10312, NY",40.5397296,-74.1604462
"CHRIST ABUNDANT LIFE MINISTRIES , 121 GRANDVIEW AVENUE , Staten Island, 10303, NY",40.6364859,-74.1647271
"CHRISTIAN PENTECOSTAL CHURCH , 900 RICHMOND ROAD , Staten Island, 10304, NY",40.6048583,-74.09203029999999
" CITY HARVEST - MARINER'S HARBOR MOBILE MARKET , 22 ROXBURY STREET , Staten Island, 10303, NY",40.6332455,-74.1643802
" CITY HARVEST - STAPLETON MOBILE MARKET , 75 HILL STREET , Staten Island, 10304, NY",40.6221226,-74.0805633
"COMMUNITY HEALTH ACTION OF STATEN ISLAND , 2134 RICHMOND TERRACE , Staten Island, 10302, NY",40.6401964,-74.13431539999999
"FEEDING WITH TLC INC , 309 ST. PAULS AVENUE , Staten Island, 10304, NY",40.6302137,-74.0810942
" JEWISH COMMUNITY CENTER OF STATEN ISLAND , 1466 MANOR ROAD , Staten Island, 10314, NY",40.5949041,-74.1263817
" MESIVTHA OF STATEN ISLAND , 1870 DRUMGOOLE ROAD EAST , Staten Island, 10309, NY",40.5275486,-74.2143799
"NEW YORK MUSLIM JEWISH COMMUNITY HELP CENTER, INC , 614 RICHMOND ROAD , Staten Island, 10304, NY",40.6115186,-74.0881266
"OUR LADY OF GOOD COUNSEL CHURCH , 42 AUSTIN PLACE , Staten Island, 10304, NY",40.6313082,-74.0866859
"PROJECT HOSPITALITY, INC. , 514 BAY STREET , Staten Island, 10304, NY",40.6293698,-74.0768128
"SKYLIGHT CENTER , 307 ST. MARKS PLACE , Staten Island, 10301, NY",40.6426043,-74.0780736
"ST. EDWARD FOOD PANTRY , 6581 HYLAN BOULEVARD , Staten Island, 10309, NY",40.51030919999999,-74.21976839999999
"STAPLETON U.A.M.E. CHURCH , 49 TOMPKINS AVE , Staten Island, 10304, NY",40.623399,-74.07863499999999
"STAPLETON U.A.M.E. CHURCH , 49 TOMPKINS AVENUE , Staten Island, 10304, NY",40.623399,-74.07863499999999
"THE SALVATION ARMY STAPLETON CORPS , 15 BROAD STREET , Staten Island, 10304, NY",40.6258144,-74.0757311
"UNITED CHURCH OF PRAISE INTERNATIONAL MINISTRIES, INC , 32 SANDS STREET , Staten Island, 10304, NY",40.6290322,-74.0761121
